paper472.jpg,1
paper522.jpg,1
glass189.jpg,0
glass325.jpg,0
metal63.jpg,3
paper305.jpg,1
paper199.jpg,1
paper539.jpg,1
plastic262.jpg,2
plastic210.jpg,2
glass489.jpg,0
glass80.jpg,0
glass97.jpg,0
plastic275.jpg,2
glass272.jpg,0
glass380.jpg,0
paper96.jpg,1
paper17.jpg,1
glass301.jpg,0
paper523.jpg,1
glass66.jpg,0
plastic344.jpg,2
paper401.jpg,1
paper414.jpg,1
metal25.jpg,3
glass241.jpg,0
metal231.jpg,3
metal329.jpg,3
plastic140.jpg,2
paper252.jpg,1
paper205.jpg,1
paper107.jpg,1
plastic271.jpg,2
paper410.jpg,1
metal95.jpg,3
paper256.jpg,1
glass282.jpg,0
plastic28.jpg,2
paper338.jpg,1
metal404.jpg,3
paper33.jpg,1
paper131.jpg,1
metal227.jpg,3
glass413.jpg,0
paper39.jpg,1
paper59.jpg,1
plastic304.jpg,2
glass406.jpg,0
paper20.jpg,1
metal339.jpg,3
paper496.jpg,1
plastic158.jpg,2
plastic11.jpg,2
glass425.jpg,0
metal1.jpg,3
plastic168.jpg,2
paper388.jpg,1
metal79.jpg,3
glass397.jpg,0
paper67.jpg,1
metal9.jpg,3
paper27.jpg,1
glass75.jpg,0
glass79.jpg,0
paper320.jpg,1
plastic466.jpg,2
glass448.jpg,0
metal366.jpg,3
plastic470.jpg,2
metal103.jpg,3
plastic131.jpg,2
paper240.jpg,1
paper538.jpg,1
metal42.jpg,3
paper481.jpg,1
glass1.jpg,0
glass307.jpg,0
metal195.jpg,3
plastic63.jpg,2
paper78.jpg,1
metal233.jpg,3
paper136.jpg,1
plastic94.jpg,2
paper111.jpg,1
metal379.jpg,3
glass160.jpg,0
plastic475.jpg,2
paper425.jpg,1
paper313.jpg,1
paper91.jpg,1
paper544.jpg,1
plastic1.jpg,2
paper429.jpg,1
metal35.jpg,3
paper73.jpg,1
glass179.jpg,0
paper228.jpg,1
paper138.jpg,1
glass120.jpg,0
metal127.jpg,3
metal128.jpg,3
paper144.jpg,1
glass164.jpg,0
plastic38.jpg,2
glass239.jpg,0
metal256.jpg,3
metal154.jpg,3
plastic290.jpg,2
glass460.jpg,0
glass92.jpg,0
paper353.jpg,1
glass161.jpg,0
paper165.jpg,1
glass280.jpg,0
plastic59.jpg,2
paper574.jpg,1
plastic303.jpg,2
plastic154.jpg,2
paper151.jpg,1
paper370.jpg,1
paper36.jpg,1
metal130.jpg,3
paper156.jpg,1
glass50.jpg,0
plastic444.jpg,2
glass428.jpg,0
metal214.jpg,3
paper154.jpg,1
metal164.jpg,3
glass172.jpg,0
glass403.jpg,0
metal359.jpg,3
glass421.jpg,0
plastic310.jpg,2
plastic208.jpg,2
paper325.jpg,1
metal59.jpg,3
metal155.jpg,3
glass454.jpg,0
glass28.jpg,0
glass188.jpg,0
plastic173.jpg,2
plastic357.jpg,2
metal220.jpg,3
plastic198.jpg,2
glass105.jpg,0
glass89.jpg,0
metal163.jpg,3
plastic257.jpg,2
plastic335.jpg,2
metal43.jpg,3
plastic414.jpg,2
glass78.jpg,0
paper302.jpg,1
paper4.jpg,1
paper487.jpg,1
plastic18.jpg,2
paper179.jpg,1
glass430.jpg,0
metal97.jpg,3
plastic311.jpg,2
plastic469.jpg,2
paper171.jpg,1
glass130.jpg,0
paper291.jpg,1
plastic29.jpg,2
plastic176.jpg,2
paper513.jpg,1
metal171.jpg,3
glass145.jpg,0
glass375.jpg,0
metal132.jpg,3
metal243.jpg,3
metal92.jpg,3
plastic334.jpg,2
paper200.jpg,1
plastic385.jpg,2
glass201.jpg,0
paper79.jpg,1
plastic179.jpg,2
glass492.jpg,0
plastic266.jpg,2
plastic416.jpg,2
paper323.jpg,1
plastic276.jpg,2
metal346.jpg,3
glass364.jpg,0
metal386.jpg,3
glass163.jpg,0
plastic10.jpg,2
plastic45.jpg,2
paper197.jpg,1
glass352.jpg,0
plastic300.jpg,2
paper398.jpg,1
paper383.jpg,1
plastic180.jpg,2
paper530.jpg,1
glass170.jpg,0
paper443.jpg,1
paper8.jpg,1
paper16.jpg,1
glass176.jpg,0
metal125.jpg,3
metal74.jpg,3
plastic424.jpg,2
plastic368.jpg,2
metal7.jpg,3
plastic433.jpg,2
glass313.jpg,0
paper413.jpg,1
paper482.jpg,1
plastic461.jpg,2
metal301.jpg,3
metal375.jpg,3
paper46.jpg,1
plastic232.jpg,2
metal53.jpg,3
metal224.jpg,3
metal410.jpg,3
metal101.jpg,3
paper456.jpg,1
glass254.jpg,0
plastic397.jpg,2
metal289.jpg,3
glass202.jpg,0
glass125.jpg,0
plastic410.jpg,2
paper224.jpg,1
glass231.jpg,0
paper448.jpg,1
glass72.jpg,0
plastic428.jpg,2
metal46.jpg,3
metal298.jpg,3
plastic182.jpg,2
plastic241.jpg,2
paper192.jpg,1
paper566.jpg,1
metal142.jpg,3
metal200.jpg,3
plastic96.jpg,2
paper407.jpg,1
glass228.jpg,0
metal283.jpg,3
metal372.jpg,3
paper195.jpg,1
plastic190.jpg,2
metal252.jpg,3
paper83.jpg,1
plastic30.jpg,2
metal123.jpg,3
glass442.jpg,0
glass467.jpg,0
glass299.jpg,0
metal219.jpg,3
plastic107.jpg,2
glass146.jpg,0
glass357.jpg,0
glass470.jpg,0
glass468.jpg,0
plastic286.jpg,2
paper355.jpg,1
plastic267.jpg,2
paper556.jpg,1
glass114.jpg,0
metal23.jpg,3
metal286.jpg,3
glass286.jpg,0
plastic269.jpg,2
plastic471.jpg,2
paper369.jpg,1
plastic48.jpg,2
paper84.jpg,1
plastic213.jpg,2
plastic102.jpg,2
paper512.jpg,1
plastic442.jpg,2
metal406.jpg,3
plastic347.jpg,2
paper575.jpg,1
glass437.jpg,0
paper552.jpg,1
glass129.jpg,0
glass463.jpg,0
plastic395.jpg,2
glass482.jpg,0
plastic195.jpg,2
glass211.jpg,0
plastic197.jpg,2
glass141.jpg,0
paper446.jpg,1
metal326.jpg,3
plastic87.jpg,2
paper61.jpg,1
plastic17.jpg,2
paper449.jpg,1
metal199.jpg,3
metal106.jpg,3
paper312.jpg,1
paper88.jpg,1
metal81.jpg,3
metal165.jpg,3
paper63.jpg,1
glass166.jpg,0
paper341.jpg,1
plastic4.jpg,2
paper389.jpg,1
glass221.jpg,0
metal349.jpg,3
glass276.jpg,0
paper21.jpg,1
paper189.jpg,1
glass340.jpg,0
plastic56.jpg,2
glass262.jpg,0
paper409.jpg,1
glass195.jpg,0
glass487.jpg,0
paper517.jpg,1
plastic7.jpg,2
paper183.jpg,1
glass93.jpg,0
paper229.jpg,1
plastic359.jpg,2
glass213.jpg,0
paper162.jpg,1
glass140.jpg,0
glass36.jpg,0
paper454.jpg,1
paper217.jpg,1
paper540.jpg,1
paper464.jpg,1
metal180.jpg,3
paper340.jpg,1
plastic330.jpg,2
paper490.jpg,1
glass358.jpg,0
glass336.jpg,0
plastic447.jpg,2
plastic209.jpg,2
glass94.jpg,0
plastic15.jpg,2
glass488.jpg,0
paper337.jpg,1
glass366.jpg,0
glass261.jpg,0
plastic340.jpg,2
paper194.jpg,1
plastic366.jpg,2
paper267.jpg,1
plastic429.jpg,2
paper520.jpg,1
paper478.jpg,1
plastic236.jpg,2
paper366.jpg,1
paper66.jpg,1
plastic479.jpg,2
glass281.jpg,0
glass242.jpg,0
plastic345.jpg,2
metal361.jpg,3
metal368.jpg,3
paper223.jpg,1
glass459.jpg,0
metal2.jpg,3
paper394.jpg,1
paper163.jpg,1
glass182.jpg,0
paper363.jpg,1
glass298.jpg,0
metal34.jpg,3
paper81.jpg,1
paper244.jpg,1
paper296.jpg,1
glass54.jpg,0
metal374.jpg,3
glass200.jpg,0
plastic346.jpg,2
glass275.jpg,0
paper239.jpg,1
paper178.jpg,1
glass22.jpg,0
glass222.jpg,0
metal300.jpg,3
plastic381.jpg,2
metal54.jpg,3
plastic239.jpg,2
metal178.jpg,3
metal337.jpg,3
glass102.jpg,0
metal100.jpg,3
glass58.jpg,0
glass270.jpg,0
plastic371.jpg,2
paper339.jpg,1
glass110.jpg,0
paper499.jpg,1
glass245.jpg,0
metal116.jpg,3
glass13.jpg,0
metal225.jpg,3
paper37.jpg,1
paper257.jpg,1
metal107.jpg,3
plastic44.jpg,2
metal20.jpg,3
plastic307.jpg,2
paper550.jpg,1
paper458.jpg,1
paper466.jpg,1
paper222.jpg,1
plastic282.jpg,2
glass247.jpg,0
paper587.jpg,1
paper352.jpg,1
glass478.jpg,0
plastic13.jpg,2
glass445.jpg,0
glass464.jpg,0
glass376.jpg,0
metal26.jpg,3
paper400.jpg,1
metal153.jpg,3
paper497.jpg,1
plastic403.jpg,2
glass499.jpg,0
metal185.jpg,3
paper475.jpg,1
glass24.jpg,0
glass243.jpg,0
paper463.jpg,1
paper265.jpg,1
plastic298.jpg,2
plastic254.jpg,2
metal6.jpg,3
glass368.jpg,0
glass86.jpg,0
glass216.jpg,0
paper277.jpg,1
glass409.jpg,0
plastic451.jpg,2
glass157.jpg,0
plastic104.jpg,2
glass369.jpg,0
paper95.jpg,1
plastic231.jpg,2
plastic149.jpg,2
plastic128.jpg,2
glass32.jpg,0
plastic430.jpg,2
plastic219.jpg,2
paper157.jpg,1
plastic440.jpg,2
paper526.jpg,1
plastic92.jpg,2
paper459.jpg,1
metal151.jpg,3
paper226.jpg,1
plastic352.jpg,2
paper408.jpg,1
plastic136.jpg,2
paper310.jpg,1
glass98.jpg,0
plastic41.jpg,2
glass355.jpg,0
metal29.jpg,3
metal268.jpg,3
plastic339.jpg,2
plastic141.jpg,2
plastic178.jpg,2
plastic459.jpg,2
glass138.jpg,0
paper531.jpg,1
plastic355.jpg,2
plastic427.jpg,2
glass440.jpg,0
paper245.jpg,1
paper451.jpg,1
paper133.jpg,1
plastic181.jpg,2
plastic35.jpg,2
metal56.jpg,3
glass405.jpg,0
metal111.jpg,3
paper90.jpg,1
paper332.jpg,1
paper391.jpg,1
glass248.jpg,0
metal147.jpg,3
plastic299.jpg,2
metal308.jpg,3
glass324.jpg,0
metal72.jpg,3
paper297.jpg,1
plastic263.jpg,2
glass316.jpg,0
paper314.jpg,1
plastic58.jpg,2
paper364.jpg,1
plastic24.jpg,2
paper150.jpg,1
paper121.jpg,1
plastic360.jpg,2
glass251.jpg,0
metal348.jpg,3
plastic222.jpg,2
paper327.jpg,1
glass14.jpg,0
paper333.jpg,1
glass477.jpg,0
plastic358.jpg,2
paper288.jpg,1
paper345.jpg,1
plastic68.jpg,2
paper426.jpg,1
metal244.jpg,3
plastic301.jpg,2
paper372.jpg,1
plastic108.jpg,2
paper326.jpg,1
paper330.jpg,1
glass269.jpg,0
paper399.jpg,1
plastic417.jpg,2
plastic65.jpg,2
paper158.jpg,1
glass252.jpg,0
metal396.jpg,3
glass127.jpg,0
plastic109.jpg,2
glass359.jpg,0
metal218.jpg,3
metal22.jpg,3
paper501.jpg,1
glass391.jpg,0
plastic51.jpg,2
metal303.jpg,3
plastic341.jpg,2
plastic175.jpg,2
glass335.jpg,0
glass236.jpg,0
paper71.jpg,1
paper511.jpg,1
paper152.jpg,1
metal73.jpg,3
paper488.jpg,1
paper177.jpg,1
glass126.jpg,0
metal44.jpg,3
metal354.jpg,3
plastic365.jpg,2
paper418.jpg,1
plastic431.jpg,2
glass199.jpg,0
metal362.jpg,3
metal230.jpg,3
metal388.jpg,3
metal345.jpg,3
paper578.jpg,1
glass46.jpg,0
metal371.jpg,3
glass494.jpg,0
metal405.jpg,3
glass484.jpg,0
paper374.jpg,1
paper344.jpg,1
metal331.jpg,3
plastic474.jpg,2
paper415.jpg,1
metal11.jpg,3
glass285.jpg,0
paper584.jpg,1
metal397.jpg,3
paper516.jpg,1
paper64.jpg,1
glass15.jpg,0
paper336.jpg,1
paper145.jpg,1
paper72.jpg,1
paper82.jpg,1
paper38.jpg,1
paper206.jpg,1
glass186.jpg,0
metal376.jpg,3
glass100.jpg,0
metal67.jpg,3
glass399.jpg,0
metal336.jpg,3
plastic326.jpg,2
plastic36.jpg,2
glass115.jpg,0
glass401.jpg,0
glass434.jpg,0
paper119.jpg,1
metal240.jpg,3
metal36.jpg,3
paper170.jpg,1
glass362.jpg,0
paper386.jpg,1
metal305.jpg,3
glass351.jpg,0
paper74.jpg,1
metal174.jpg,3
glass41.jpg,0
glass396.jpg,0
plastic481.jpg,2
paper318.jpg,1
metal61.jpg,3
glass64.jpg,0
glass134.jpg,0
paper253.jpg,1
paper15.jpg,1
glass408.jpg,0
paper212.jpg,1
paper85.jpg,1
glass473.jpg,0
plastic6.jpg,2
plastic325.jpg,2
paper428.jpg,1
plastic378.jpg,2
glass344.jpg,0
metal21.jpg,3
plastic419.jpg,2
plastic255.jpg,2
paper193.jpg,1
paper300.jpg,1
glass379.jpg,0
paper281.jpg,1
paper41.jpg,1
glass34.jpg,0
glass108.jpg,0
paper452.jpg,1
paper249.jpg,1
glass185.jpg,0
glass436.jpg,0
glass16.jpg,0
paper347.jpg,1
metal322.jpg,3
paper431.jpg,1
glass274.jpg,0
metal319.jpg,3
metal228.jpg,3
glass230.jpg,0
paper250.jpg,1
plastic369.jpg,2
metal126.jpg,3
glass175.jpg,0
paper581.jpg,1
plastic394.jpg,2
glass229.jpg,0
paper328.jpg,1
glass500.jpg,0
plastic387.jpg,2
metal51.jpg,3
paper572.jpg,1
paper174.jpg,1
metal69.jpg,3
glass183.jpg,0
plastic20.jpg,2
paper132.jpg,1
plastic482.jpg,2
metal75.jpg,3
glass90.jpg,0
metal89.jpg,3
plastic23.jpg,2
paper24.jpg,1
glass215.jpg,0
paper25.jpg,1
glass4.jpg,0
plastic97.jpg,2
paper231.jpg,1
glass71.jpg,0
paper299.jpg,1
plastic189.jpg,2
paper216.jpg,1
paper237.jpg,1
plastic248.jpg,2
glass104.jpg,0
metal160.jpg,3
glass453.jpg,0
plastic111.jpg,2
paper293.jpg,1
paper351.jpg,1
paper315.jpg,1
plastic351.jpg,2
plastic456.jpg,2
paper287.jpg,1
glass302.jpg,0
plastic338.jpg,2
plastic293.jpg,2
paper130.jpg,1
plastic467.jpg,2
paper101.jpg,1
metal238.jpg,3
glass37.jpg,0
paper580.jpg,1
paper467.jpg,1
plastic278.jpg,2
glass452.jpg,0
plastic409.jpg,2
glass17.jpg,0
metal137.jpg,3
glass133.jpg,0
paper10.jpg,1
plastic221.jpg,2
metal78.jpg,3
plastic61.jpg,2
plastic443.jpg,2
plastic296.jpg,2
paper60.jpg,1
paper141.jpg,1
glass40.jpg,0
paper571.jpg,1
paper221.jpg,1
plastic380.jpg,2
glass483.jpg,0
metal212.jpg,3
plastic164.jpg,2
glass237.jpg,0
glass291.jpg,0
plastic224.jpg,2
paper47.jpg,1
glass169.jpg,0
plastic25.jpg,2
metal144.jpg,3
plastic350.jpg,2
plastic223.jpg,2
paper50.jpg,1
metal206.jpg,3
plastic281.jpg,2
paper489.jpg,1
plastic157.jpg,2
plastic309.jpg,2
glass314.jpg,0
paper255.jpg,1
metal294.jpg,3
glass394.jpg,0
paper1.jpg,1
metal109.jpg,3
paper590.jpg,1
plastic186.jpg,2
paper559.jpg,1
plastic220.jpg,2
plastic455.jpg,2
plastic412.jpg,2
plastic313.jpg,2
metal148.jpg,3
glass312.jpg,0
plastic196.jpg,2
glass342.jpg,0
metal353.jpg,3
glass319.jpg,0
plastic83.jpg,2
glass356.jpg,0
plastic121.jpg,2
plastic162.jpg,2
paper207.jpg,1
metal110.jpg,3
metal64.jpg,3
glass147.jpg,0
plastic343.jpg,2
metal399.jpg,3
metal309.jpg,3
metal83.jpg,3
glass70.jpg,0
glass458.jpg,0
metal223.jpg,3
paper419.jpg,1
metal158.jpg,3
metal316.jpg,3
glass433.jpg,0
paper42.jpg,1
metal14.jpg,3
metal293.jpg,3
glass393.jpg,0
paper34.jpg,1
glass457.jpg,0
paper258.jpg,1
paper359.jpg,1
glass234.jpg,0
plastic89.jpg,2
metal304.jpg,3
metal264.jpg,3
glass495.jpg,0
glass367.jpg,0
paper43.jpg,1
glass326.jpg,0
metal398.jpg,3
paper433.jpg,1
glass296.jpg,0
metal407.jpg,3
paper470.jpg,1
glass331.jpg,0
paper546.jpg,1
metal162.jpg,3
glass18.jpg,0
plastic384.jpg,2
glass63.jpg,0
plastic284.jpg,2
glass455.jpg,0
glass337.jpg,0
paper589.jpg,1
paper304.jpg,1
paper123.jpg,1
plastic55.jpg,2
glass378.jpg,0
paper491.jpg,1
glass441.jpg,0
glass29.jpg,0
plastic377.jpg,2
metal302.jpg,3
paper201.jpg,1
plastic256.jpg,2
paper213.jpg,1
paper469.jpg,1
plastic342.jpg,2
plastic165.jpg,2
glass117.jpg,0
glass333.jpg,0
plastic400.jpg,2
plastic245.jpg,2
plastic229.jpg,2
plastic74.jpg,2
plastic458.jpg,2
paper535.jpg,1
paper261.jpg,1
plastic113.jpg,2
paper146.jpg,1
plastic230.jpg,2
paper190.jpg,1
glass246.jpg,0
plastic441.jpg,2
paper18.jpg,1
glass431.jpg,0
metal402.jpg,3
glass273.jpg,0
plastic234.jpg,2
metal88.jpg,3
paper92.jpg,1
plastic480.jpg,2
metal408.jpg,3
metal40.jpg,3
glass327.jpg,0
glass387.jpg,0
plastic454.jpg,2
paper406.jpg,1
plastic184.jpg,2
paper140.jpg,1
plastic148.jpg,2
plastic183.jpg,2
paper182.jpg,1
plastic295.jpg,2
plastic404.jpg,2
metal315.jpg,3
glass404.jpg,0
glass271.jpg,0
paper427.jpg,1
glass208.jpg,0
glass178.jpg,0
plastic453.jpg,2
paper349.jpg,1
plastic329.jpg,2
plastic363.jpg,2
paper23.jpg,1
metal39.jpg,3
glass56.jpg,0
plastic75.jpg,2
paper45.jpg,1
glass224.jpg,0
glass447.jpg,0
paper335.jpg,1
glass295.jpg,0
metal141.jpg,3
glass461.jpg,0
plastic243.jpg,2
paper480.jpg,1
glass156.jpg,0
paper246.jpg,1
glass253.jpg,0
plastic95.jpg,2
metal138.jpg,3
plastic316.jpg,2
glass5.jpg,0
metal104.jpg,3
plastic3.jpg,2
paper280.jpg,1
paper251.jpg,1
metal334.jpg,3
metal167.jpg,3
plastic37.jpg,2
glass263.jpg,0
glass101.jpg,0
glass345.jpg,0
metal150.jpg,3
glass26.jpg,0
plastic240.jpg,2
paper260.jpg,1
glass328.jpg,0
paper292.jpg,1
glass417.jpg,0
glass214.jpg,0
paper203.jpg,1
metal207.jpg,3
plastic91.jpg,2
metal179.jpg,3
plastic476.jpg,2
metal210.jpg,3
paper441.jpg,1
glass339.jpg,0
plastic425.jpg,2
metal222.jpg,3
plastic147.jpg,2
plastic137.jpg,2
plastic33.jpg,2
plastic437.jpg,2
metal121.jpg,3
plastic370.jpg,2
paper376.jpg,1
glass498.jpg,0
plastic188.jpg,2
paper565.jpg,1
paper324.jpg,1
paper127.jpg,1
plastic123.jpg,2
glass124.jpg,0
paper29.jpg,1
plastic408.jpg,2
glass407.jpg,0
metal118.jpg,3
paper241.jpg,1
metal190.jpg,3
glass151.jpg,0
metal168.jpg,3
paper519.jpg,1
paper259.jpg,1
metal369.jpg,3
paper234.jpg,1
glass332.jpg,0
metal257.jpg,3
paper116.jpg,1
glass107.jpg,0
glass191.jpg,0
plastic413.jpg,2
glass389.jpg,0
metal381.jpg,3
metal310.jpg,3
metal392.jpg,3
paper551.jpg,1
paper564.jpg,1
metal194.jpg,3
glass137.jpg,0
metal285.jpg,3
glass99.jpg,0
plastic151.jpg,2
paper583.jpg,1
glass220.jpg,0
paper453.jpg,1
paper139.jpg,1
metal189.jpg,3
glass346.jpg,0
glass259.jpg,0
paper262.jpg,1
paper479.jpg,1
metal400.jpg,3
plastic174.jpg,2
paper435.jpg,1
metal166.jpg,3
metal8.jpg,3
glass377.jpg,0
metal122.jpg,3
metal156.jpg,3
metal96.jpg,3
glass303.jpg,0
glass277.jpg,0
paper122.jpg,1
glass95.jpg,0
metal129.jpg,3
metal307.jpg,3
plastic127.jpg,2
paper594.jpg,1
paper89.jpg,1
plastic249.jpg,2
plastic446.jpg,2
metal17.jpg,3
paper423.jpg,1
metal266.jpg,3
plastic235.jpg,2
plastic199.jpg,2
metal45.jpg,3
metal254.jpg,3
glass462.jpg,0
metal365.jpg,3
glass381.jpg,0
metal169.jpg,3
metal60.jpg,3
glass363.jpg,0
metal284.jpg,3
metal182.jpg,3
glass212.jpg,0
paper498.jpg,1
plastic273.jpg,2
paper54.jpg,1
glass38.jpg,0
plastic436.jpg,2
glass109.jpg,0
glass187.jpg,0
metal234.jpg,3
plastic432.jpg,2
glass491.jpg,0
metal91.jpg,3
metal211.jpg,3
glass11.jpg,0
paper437.jpg,1
paper22.jpg,1
glass171.jpg,0
paper105.jpg,1
plastic171.jpg,2
glass334.jpg,0
metal340.jpg,3
paper397.jpg,1
metal299.jpg,3
plastic169.jpg,2
paper14.jpg,1
plastic321.jpg,2
glass266.jpg,0
metal32.jpg,3
glass233.jpg,0
plastic85.jpg,2
paper317.jpg,1
paper117.jpg,1
plastic120.jpg,2
metal85.jpg,3
paper455.jpg,1
paper420.jpg,1
metal19.jpg,3
metal98.jpg,3
paper334.jpg,1
plastic277.jpg,2
metal391.jpg,3
metal378.jpg,3
paper295.jpg,1
metal3.jpg,3
paper360.jpg,1
metal86.jpg,3
glass240.jpg,0
glass62.jpg,0
glass210.jpg,0
paper270.jpg,1
plastic258.jpg,2
paper524.jpg,1
plastic337.jpg,2
paper484.jpg,1
metal173.jpg,3
metal409.jpg,3
plastic203.jpg,2
paper577.jpg,1
plastic81.jpg,2
plastic62.jpg,2
glass300.jpg,0
plastic297.jpg,2
plastic247.jpg,2
metal236.jpg,3
glass244.jpg,0
glass225.jpg,0
glass131.jpg,0
metal235.jpg,3
metal203.jpg,3
metal330.jpg,3
plastic130.jpg,2
plastic191.jpg,2
metal16.jpg,3
glass294.jpg,0
metal145.jpg,3
plastic392.jpg,2
paper439.jpg,1
metal265.jpg,3
paper159.jpg,1
metal237.jpg,3
metal191.jpg,3
metal94.jpg,3
glass435.jpg,0
paper172.jpg,1
plastic382.jpg,2
paper561.jpg,1
glass265.jpg,0
metal204.jpg,3
paper215.jpg,1
paper51.jpg,1
glass205.jpg,0
plastic287.jpg,2
paper135.jpg,1
metal290.jpg,3
plastic200.jpg,2
paper588.jpg,1
paper166.jpg,1
plastic362.jpg,2
plastic142.jpg,2
paper582.jpg,1
paper358.jpg,1
plastic407.jpg,2
glass315.jpg,0
paper243.jpg,1
plastic73.jpg,2
paper62.jpg,1
plastic375.jpg,2
paper494.jpg,1
plastic216.jpg,2
metal245.jpg,3
plastic110.jpg,2
plastic333.jpg,2
plastic212.jpg,2
paper316.jpg,1
metal90.jpg,3
plastic393.jpg,2
paper214.jpg,1
paper573.jpg,1
metal390.jpg,3
plastic57.jpg,2
metal37.jpg,3
paper11.jpg,1
plastic322.jpg,2
paper375.jpg,1
paper377.jpg,1
metal338.jpg,3
plastic71.jpg,2
glass360.jpg,0
glass400.jpg,0
paper35.jpg,1
glass21.jpg,0
plastic331.jpg,2
paper403.jpg,1
paper153.jpg,1
glass81.jpg,0
plastic354.jpg,2
metal66.jpg,3
plastic72.jpg,2
paper343.jpg,1
plastic302.jpg,2
paper115.jpg,1
glass111.jpg,0
glass410.jpg,0
glass143.jpg,0
glass51.jpg,0
paper390.jpg,1
metal28.jpg,3
glass47.jpg,0
glass419.jpg,0
paper395.jpg,1
plastic291.jpg,2
plastic90.jpg,2
plastic225.jpg,2
plastic445.jpg,2
paper510.jpg,1
glass204.jpg,0
paper238.jpg,1
glass383.jpg,0
glass235.jpg,0
plastic100.jpg,2
glass258.jpg,0
plastic288.jpg,2
plastic448.jpg,2
plastic9.jpg,2
paper436.jpg,1
plastic294.jpg,2
glass219.jpg,0
metal10.jpg,3
plastic319.jpg,2
plastic22.jpg,2
paper553.jpg,1
glass142.jpg,0
paper108.jpg,1
glass260.jpg,0
plastic52.jpg,2
glass196.jpg,0
glass106.jpg,0
metal140.jpg,3
glass238.jpg,0
plastic215.jpg,2
glass9.jpg,0
paper264.jpg,1
paper2.jpg,1
metal71.jpg,3
glass232.jpg,0
glass420.jpg,0
plastic8.jpg,2
paper509.jpg,1
paper247.jpg,1
plastic43.jpg,2
glass197.jpg,0
glass501.jpg,0
metal76.jpg,3
plastic112.jpg,2
glass475.jpg,0
plastic318.jpg,2
plastic77.jpg,2
plastic274.jpg,2
glass25.jpg,0
plastic40.jpg,2
metal380.jpg,3
glass226.jpg,0
paper371.jpg,1
metal55.jpg,3
plastic415.jpg,2
plastic323.jpg,2
plastic192.jpg,2
glass207.jpg,0
metal229.jpg,3
paper5.jpg,1
metal226.jpg,3
glass321.jpg,0
metal357.jpg,3
plastic336.jpg,2
paper187.jpg,1
paper438.jpg,1
metal193.jpg,3
paper412.jpg,1
glass2.jpg,0
plastic194.jpg,2
metal311.jpg,3
paper102.jpg,1
glass85.jpg,0
metal31.jpg,3
glass27.jpg,0
plastic50.jpg,2
glass320.jpg,0
metal124.jpg,3
paper560.jpg,1
glass471.jpg,0
metal358.jpg,3
plastic244.jpg,2
metal181.jpg,3
paper65.jpg,1
glass305.jpg,0
plastic86.jpg,2
plastic353.jpg,2
metal281.jpg,3
metal241.jpg,3
plastic361.jpg,2
plastic272.jpg,2
plastic460.jpg,2
glass390.jpg,0
glass290.jpg,0
metal383.jpg,3
glass444.jpg,0
paper440.jpg,1
plastic135.jpg,2
paper382.jpg,1
paper329.jpg,1
paper554.jpg,1
plastic462.jpg,2
plastic422.jpg,2
plastic364.jpg,2
plastic16.jpg,2
metal295.jpg,3
paper278.jpg,1
glass43.jpg,0
plastic402.jpg,2
paper248.jpg,1
plastic439.jpg,2
glass209.jpg,0
paper268.jpg,1
plastic367.jpg,2
plastic406.jpg,2
paper202.jpg,1
metal183.jpg,3
glass6.jpg,0
metal41.jpg,3
paper254.jpg,1
metal259.jpg,3
glass330.jpg,0
glass180.jpg,0
glass402.jpg,0
plastic463.jpg,2
paper555.jpg,1
plastic292.jpg,2
glass44.jpg,0
paper98.jpg,1
glass3.jpg,0
metal342.jpg,3
glass31.jpg,0
metal273.jpg,3
metal216.jpg,3
metal314.jpg,3
paper432.jpg,1
glass371.jpg,0
metal208.jpg,3
metal271.jpg,3
plastic163.jpg,2
plastic12.jpg,2
plastic250.jpg,2
paper28.jpg,1
metal202.jpg,3
paper87.jpg,1
glass184.jpg,0
paper533.jpg,1
glass82.jpg,0
metal288.jpg,3
metal282.jpg,3
glass217.jpg,0
plastic237.jpg,2
plastic31.jpg,2
metal278.jpg,3
metal272.jpg,3
plastic46.jpg,2
plastic193.jpg,2
paper307.jpg,1
plastic356.jpg,2
metal70.jpg,3
glass165.jpg,0
glass412.jpg,0
metal360.jpg,3
paper176.jpg,1
plastic26.jpg,2
paper486.jpg,1
metal250.jpg,3
metal277.jpg,3
paper579.jpg,1
glass198.jpg,0
paper106.jpg,1
glass288.jpg,0
glass449.jpg,0
plastic386.jpg,2
paper430.jpg,1
metal82.jpg,3
paper445.jpg,1
paper30.jpg,1
glass122.jpg,0
plastic19.jpg,2
glass76.jpg,0
plastic320.jpg,2
paper52.jpg,1
paper142.jpg,1
paper49.jpg,1
metal120.jpg,3
glass308.jpg,0
glass395.jpg,0
glass87.jpg,0
plastic435.jpg,2
paper184.jpg,1
glass20.jpg,0
plastic134.jpg,2
paper476.jpg,1
metal313.jpg,3
paper160.jpg,1
plastic477.jpg,2
plastic78.jpg,2
paper283.jpg,1
metal135.jpg,3
metal260.jpg,3
glass103.jpg,0
glass279.jpg,0
paper298.jpg,1
paper210.jpg,1
paper285.jpg,1
paper308.jpg,1
paper191.jpg,1
plastic167.jpg,2
metal384.jpg,3
paper402.jpg,1
plastic105.jpg,2
metal105.jpg,3
metal373.jpg,3
metal287.jpg,3
paper148.jpg,1
glass250.jpg,0
plastic450.jpg,2
metal356.jpg,3
paper321.jpg,1
glass67.jpg,0
glass372.jpg,0
glass158.jpg,0
plastic150.jpg,2
paper168.jpg,1
plastic418.jpg,2
metal306.jpg,3
metal280.jpg,3
metal242.jpg,3
paper103.jpg,1
plastic211.jpg,2
plastic464.jpg,2
paper309.jpg,1
paper471.jpg,1
glass96.jpg,0
metal117.jpg,3
plastic327.jpg,2
glass283.jpg,0
metal335.jpg,3
plastic133.jpg,2
paper442.jpg,1